대륙,국적,성별,인천공항,김해공항,김포공항,부  산,울  산,여  수,대  구,제  주,광  양,인  천,평  택,감  천,평택항,무안공항,양양공항,창  원,동  해,서  산,군  산,당  진,포  항,거  제,통  영,목  포,성  남,청  주,제주항,사  천,속  초
아시아주,일본,남성,73182,13767,28702,530,82,66,357,732,3,31,13,31,22,1,37,5,4,0,2,3,0,0,10,13,12,0,0,0,0
아시아주,일본,여성,135147,15452,24936,589,0,0,510,532,0,0,31,0,0,7,60,0,0,0,0,0,0,0,0,0,1,0,0,0,0
아시아주,중국,남성,82465,3890,686,14190,4523,7432,50,1489,6200,3368,0,1450,3588,0,1,2012,1721,544,3075,2858,350,94,23,98,153,0,2,205,9
아시아주,중국,여성,79739,2537,795,4,0,0,55,1729,0,0,2,0,0,0,2,1,3,0,0,0,0,0,0,0,18,5,0,,
아시아주,베트남,남성,88295,15463,14,1138,1163,589,74,153,674,613,0,515,872,154,1002,545,390,55,754,464,162,7,73,54,127,0,1,0,0
아시아주,베트남,여성,95933,13399,39,1,0,0,67,252,0,0,1,0,0,2,1796,0,0,0,0,0,0,0,0,0,34,0,0,0,0
아시아주,필리핀,남성,48099,3483,72,34829,14067,16849,4,224,11573,6601,23,3434,5309,0,724,3851,1382,1127,2478,1635,891,898,314,1158,11,0,24,180,
아시아주,필리핀,여성,37691,1348,51,24,3,14,16,430,2,1,11,2,2,0,1264,2,5,1,0,0,0,2,0,0,0,0,1,1,
아시아주,타이,남성,56005,1937,62,77,64,34,279,3346,71,78,30,26,33,1,0,36,38,1,45,12,2,0,1,0,0,1,0,0,0
아시아주,타이,여성,83597,3884,85,2,0,0,667,7278,0,1,2,0,0,4,1,1,1,0,0,0,0,0,0,0,1,0,0,0,0
아시아주,싱가포르,남성,65617,819,243,46,20,6,1,4638,0,2,0,4,3,0,0,9,1,0,0,0,0,2,3,0,1,0,0,0,0
아시아주,싱가포르,여성,78927,923,179,2,1,1,0,5702,0,0,0,0,0,0,0,1,0,0,0,0,0,0,0,0,0,0,0,0,0
아시아주,인도네시아,남성,36000,785,100,7190,3504,2445,0,156,2529,970,0,7036,648,1,0,809,469,912,592,861,387,176,541,456,108,0,3,88,
아시아주,인도네시아,여성,25150,165,75,2,0,3,0,237,1,0,0,2,0,0,0,0,0,0,0,0,0,0,0,0,23,0,0,0,0
아시아주,타이완,남성,22314,1354,1266,478,330,13,7,667,188,17,1,52,4,0,32,6,0,0,4,0,4,64,0,0,0,0,0,0,0
아시아주,타이완,여성,37961,2332,2547,4,0,0,8,1079,0,0,0,0,0,0,65,0,0,0,0,0,0,0,0,0,0,0,0,0,0
아시아주,말레이시아,남성,30763,361,167,164,139,70,11,962,49,21,0,8,7,0,1,0,1,14,0,0,0,33,6,0,0,0,0,0,0
아시아주,말레이시아,여성,32398,401,81,1,0,0,0,1144,0,1,0,0,0,0,0,0,0,0,0,0,0,1,0,0,0,0,0,0,0
아시아주,인도,남성,31347,441,128,7757,4120,6505,10,132,1462,1186,0,213,664,0,0,222,172,495,501,244,208,363,59,143,2,0,24,11,58
아시아주,인도,여성,7634,68,26,8,6,8,1,82,0,0,1,3,0,0,0,0,2,0,0,0,0,0,0,0,0,0,0,0,0
아시아주,미얀마,남성,14126,399,4,16049,6971,3095,0,8,6040,1472,0,2002,1982,0,0,1031,925,686,871,945,685,85,119,445,0,0,1,106,0
아시아주,미얀마,여성,1465,31,2,0,0,0,0,37,0,0,0,0,0,0,0,0,0,0,0,0,0,0,0,0,0,0,0,0,0
아시아주,홍콩,남성,17046,134,226,5,1,3,2,353,0,7,0,0,2,0,0,4,0,0,2,0,1,0,0,0,0,0,0,0,0
아시아주,홍콩,여성,35457,154,246,0,0,0,1,403,0,0,0,0,0,0,0,0,0,0,0,0,0,0,0,0,0,0,0,0,0
아시아주,몽골,남성,20988,1789,13,0,0,0,18,237,0,0,0,0,0,6,52,2,1,0,0,0,0,0,0,0,0,7,0,0,0
아시아주,몽골,여성,26354,2242,13,0,0,0,33,375,0,0,1,0,0,5,74,0,0,0,0,0,0,0,0,0,0,2,0,0,0
아시아주,우즈베키스탄,남성,22341,56,10,0,0,0,1,1,0,1,0,0,0,0,0,0,11,0,0,0,0,0,0,0,0,0,0,0,0
아시아주,우즈베키스탄,여성,10490,33,4,0,0,0,0,1,0,0,1,0,0,0,0,0,11,0,0,0,0,0,0,0,0,0,0,0,0
아시아주,카자흐스탄,남성,11431,26,35,0,0,0,0,0,0,0,0,0,0,1,0,1,5,0,0,0,0,0,0,0,0,0,0,0,0
아시아주,카자흐스탄,여성,11448,32,11,0,0,0,0,0,0,0,0,0,0,1,0,0,6,0,0,0,0,0,0,0,0,0,0,0,0
아시아주,캄보디아,남성,14461,57,17,0,0,0,0,7,0,0,0,0,0,0,0,2,0,0,0,0,0,0,0,0,37,0,0,0,0
아시아주,캄보디아,여성,7022,43,11,0,0,0,1,12,0,0,0,0,0,0,0,0,0,0,0,0,0,0,0,0,6,0,0,0,0
아시아주,네팔,남성,15425,27,3,1,0,1,0,2,0,1,1,2,0,2,0,0,0,0,0,0,0,0,0,0,0,0,0,0,0
아시아주,네팔,여성,2074,5,3,0,0,0,0,0,0,0,0,0,0,0,0,0,0,0,0,0,0,0,0,0,0,0,0,0,0
아시아주,튀르키예,남성,11965,37,27,349,203,717,0,3,174,136,1,17,10,0,0,35,34,10,29,8,10,103,0,21,1,1,0,1,0
아시아주,튀르키예,여성,2735,12,18,2,3,5,1,3,0,0,0,0,0,0,0,1,0,0,0,0,0,0,0,0,0,0,0,0,0
아시아주,방글라데시,남성,8236,34,10,268,509,286,2,4,108,177,0,30,213,0,0,85,62,3,77,53,27,1,0,6,0,0,0,0,0
아시아주,방글라데시,여성,1126,2,3,0,0,0,0,0,0,0,0,0,0,0,0,0,0,0,0,0,0,0,0,0,0,0,0,0,0
아시아주,스리랑카,남성,9209,24,5,1057,41,191,0,2,88,32,0,27,7,0,0,21,13,0,8,16,10,1,0,1,0,0,0,0,0
아시아주,스리랑카,여성,543,5,0,0,0,0,0,1,0,0,0,0,0,0,0,0,0,0,0,0,0,0,0,0,0,0,0,0,0
아시아주,파키스탄,남성,6658,37,6,752,47,174,8,4,11,46,0,1,15,0,0,2,0,3,15,1,0,0,3,0,0,0,0,0,0
아시아주,파키스탄,여성,1175,5,3,0,0,0,2,0,0,0,0,0,0,0,0,0,0,0,0,0,0,0,0,0,0,0,0,0,0
아시아주,사우디아라비아,남성,5556,10,47,0,3,9,0,2,0,0,0,0,1,0,0,4,0,0,4,0,0,0,0,0,172,0,0,0,0
아시아주,사우디아라비아,여성,2736,3,10,0,0,0,0,1,0,0,0,0,0,0,0,0,0,0,0,0,0,0,0,0,1,0,0,0,0
아시아주,이스라엘,남성,4042,61,42,2,0,4,1,16,0,0,0,0,0,0,0,0,0,0,0,0,0,0,0,0,0,0,0,0,0
아시아주,이스라엘,여성,2165,35,7,0,0,0,0,8,0,0,0,0,0,0,0,0,0,0,0,0,0,0,0,0,0,0,0,0,0
아시아주,키르기즈,남성,2794,5,1,0,0,0,1,0,0,0,0,0,0,0,0,0,4,0,0,0,0,0,0,0,0,0,0,0,0
아시아주,키르기즈,여성,1698,9,0,0,0,0,0,0,0,0,1,0,0,0,0,0,0,0,0,0,0,0,0,0,0,0,0,0,0
아시아주,아랍에미리트연합,남성,2712,9,39,0,0,15,0,0,0,3,0,0,0,0,0,0,2,9,0,0,0,0,0,0,0,0,0,0,0
아시아주,아랍에미리트연합,여성,1633,3,13,0,0,0,0,0,0,0,0,0,0,0,0,0,0,0,0,0,0,0,0,0,0,0,0,0,0
아시아주,라오스,남성,2216,38,0,0,0,0,0,3,0,0,0,0,0,0,0,0,0,0,0,0,0,0,0,0,0,0,0,0,0
아시아주,라오스,여성,1344,23,0,0,0,0,2,9,0,0,0,0,0,0,0,0,0,0,0,0,0,0,0,0,0,0,0,0,0
아시아주,타지키스탄,남성,2908,1,0,0,0,0,0,0,0,0,0,0,0,0,0,0,2,0,0,0,0,0,0,0,0,0,0,0,0
아시아주,타지키스탄,여성,302,1,0,0,0,0,0,0,0,0,0,0,0,0,0,0,0,0,0,0,0,0,0,0,0,0,0,0,0
아시아주,한국계중국인,남성,1509,15,2,0,0,0,0,0,0,0,0,0,0,0,0,0,0,0,0,0,0,0,0,0,0,0,0,0,0
아시아주,한국계중국인,여성,1272,10,6,0,0,0,0,1,0,0,0,0,0,0,0,0,0,0,0,0,0,0,0,0,0,0,0,0,0
아시아주,이란,남성,1620,15,3,13,0,10,0,0,28,0,0,0,0,0,0,0,0,0,0,0,0,0,0,0,0,0,0,0,0
아시아주,이란,여성,828,5,2,0,0,0,0,0,0,0,0,0,0,0,0,0,0,0,0,0,0,0,0,0,0,0,0,0,0
아시아주,요르단,남성,1188,2,0,20,3,8,0,0,0,0,0,0,0,0,0,0,0,5,0,0,0,0,0,0,1,0,0,0,0
아시아주,요르단,여성,235,0,0,0,0,0,0,1,0,0,0,0,0,0,0,0,0,0,0,0,0,0,0,0,0,0,0,0,0
아시아주,이라크,남성,1279,0,0,2,0,2,0,0,0,0,0,0,0,0,0,0,0,0,0,0,0,0,0,0,0,0,0,0,0
아시아주,이라크,여성,162,0,0,0,0,0,0,0,0,0,0,0,0,0,0,0,0,0,0,0,0,0,0,0,0,0,0,0,0
아시아주,시리아,남성,900,2,1,101,8,48,0,0,30,17,0,0,0,0,0,0,1,0,0,0,13,0,0,0,1,0,0,0,0
아시아주,시리아,여성,292,0,0,0,0,0,0,0,0,0,0,0,0,0,0,0,0,0,0,0,0,0,0,0,0,0,0,0,0
아시아주,브루나이,남성,590,4,1,0,0,0,0,2,0,0,0,0,0,0,0,0,0,0,0,0,0,0,0,0,0,0,0,0,0
아시아주,브루나이,여성,694,9,2,0,0,0,0,0,0,0,0,0,0,0,0,0,0,0,0,0,0,0,0,0,0,0,0,0,0
아시아주,카타르,남성,539,1,28,0,0,0,0,0,0,0,0,0,0,0,0,0,0,0,0,0,0,1,0,0,0,0,0,0,0
아시아주,카타르,여성,402,0,9,0,0,0,0,0,0,0,0,0,0,0,0,0,0,0,0,0,0,0,0,0,0,0,0,0,0
아시아주,쿠웨이트,남성,519,1,4,0,0,1,0,0,0,0,0,0,0,0,0,0,0,0,0,0,0,0,0,0,0,0,0,0,0
아시아주,쿠웨이트,여성,379,0,3,0,0,0,0,0,0,0,0,0,0,0,0,0,0,0,0,0,0,0,0,0,0,0,0,0,0
아시아주,티모르민주공화국,남성,598,5,0,0,0,0,0,1,0,0,0,0,0,0,0,0,0,0,0,0,0,0,0,0,0,0,0,0,0
아시아주,티모르민주공화국,여성,59,0,0,0,0,0,0,0,0,0,0,0,0,0,0,0,0,0,0,0,0,0,0,0,0,0,0,0,0
아시아주,예멘공화국,남성,481,0,0,1,0,0,0,3,0,0,0,0,0,0,0,0,0,0,0,0,0,0,2,0,0,0,0,0,0
아시아주,예멘공화국,여성,104,0,0,0,0,0,0,1,0,0,0,0,0,0,0,0,0,0,0,0,0,0,0,0,0,0,0,0,0
아시아주,레바논,남성,481,1,3,0,1,2,0,1,0,2,0,0,0,0,0,0,0,0,0,4,0,0,0,0,0,0,0,0,0
아시아주,레바논,여성,93,0,1,0,0,0,0,0,0,0,1,0,0,0,0,0,0,0,0,0,0,0,0,0,0,0,0,0,0
아시아주,오만,남성,347,0,0,0,3,0,0,0,2,1,0,0,0,0,0,0,0,2,0,0,0,0,0,0,0,0,0,0,0
아시아주,오만,여성,185,0,4,0,0,0,0,0,0,0,0,0,0,0,0,0,0,0,0,0,0,0,0,0,0,0,0,0,0
아시아주,마카오,남성,137,2,4,0,0,0,0,18,0,0,0,0,0,0,0,0,0,0,0,0,0,0,0,0,0,0,0,0,0
아시아주,마카오,여성,219,3,4,0,0,0,0,10,0,0,0,0,0,0,0,0,0,0,0,0,0,0,0,0,0,0,0,0,0
아시아주,키프로스,남성,190,6,2,9,4,16,0,2,1,2,0,0,0,0,0,0,1,1,6,1,0,5,1,0,0,0,0,0,0
아시아주,키프로스,여성,92,0,0,0,0,0,0,0,0,0,0,0,0,0,0,0,0,0,0,0,0,0,0,0,0,0,0,0,0
아시아주,바레인,남성,170,0,0,0,0,0,0,0,0,0,0,0,1,0,0,0,0,0,0,0,0,0,0,0,0,0,0,0,0
아시아주,바레인,여성,104,0,0,0,0,0,0,0,0,0,0,0,0,0,0,0,0,0,0,0,0,0,0,0,0,0,0,0,0
아시아주,투르크메니스탄,남성,110,7,0,0,0,0,0,0,0,0,0,0,0,0,0,0,0,0,0,0,0,0,0,0,61,0,0,0,0
아시아주,투르크메니스탄,여성,52,0,0,0,0,0,0,0,0,0,0,0,0,0,0,0,0,0,0,0,0,0,0,0,6,0,0,0,0
아시아주,아프가니스탄,남성,167,1,0,0,0,0,0,0,0,0,0,0,0,0,0,0,0,0,0,0,0,0,0,0,0,0,0,0,0
아시아주,아프가니스탄,여성,37,0,0,0,0,0,0,0,0,0,0,0,0,0,0,0,0,0,0,0,0,0,0,0,0,0,0,0,0
아시아주,팔레스타인,남성,144,0,2,0,0,0,0,0,0,0,0,0,0,0,0,0,0,0,0,0,0,0,0,0,0,0,0,0,0
아시아주,팔레스타인,여성,21,0,0,0,0,0,0,0,0,0,0,0,0,0,0,0,0,0,0,0,0,0,0,0,0,0,0,0,0
아시아주,부탄,남성,95,1,0,0,0,0,0,0,0,0,0,0,0,0,0,0,0,0,0,0,0,0,0,0,0,0,0,0,0
아시아주,부탄,여성,62,0,0,0,0,0,0,0,0,0,0,0,0,0,0,0,0,0,0,0,0,0,0,0,0,0,0,0,0
아시아주,몰디브,남성,76,0,0,0,4,6,0,0,1,0,0,0,0,0,0,0,0,0,0,0,1,0,0,2,0,0,0,0,0
아시아주,몰디브,여성,24,0,0,0,0,0,0,0,0,0,0,0,0,0,0,0,0,0,0,0,0,0,0,0,0,0,0,0,0
북아메리카주,미국,남성,333824,3398,4316,1345,181,430,144,133,493,41,21240,81,30,7,26,1367,8,7,259,0,1811,3,2,153,54,2,0,0,0
북아메리카주,미국,여성,219518,2510,2218,16,8,3,109,127,2,0,5248,4,0,3,34,38,1,0,22,0,193,0,1,4,2,0,0,0,0
북아메리카주,미국,제3의성,4,0,0,0,0,0,0,0,0,0,1,0,0,0,0,0,0,0,0,0,0,0,0,0,0,0,0,0,0
북아메리카주,캐나다,남성,53692,581,478,28,1,2,21,51,0,0,52,0,0,1,5,0,4,0,0,0,0,0,0,1,0,0,1,0,0
북아메리카주,캐나다,여성,35345,428,258,3,0,0,12,46,0,0,6,1,0,0,4,0,1,0,0,0,0,0,0,0,0,0,1,0,0
북아메리카주,캐나다,제3의성,1,0,0,0,0,0,0,0,0,0,0,0,0,0,0,0,0,0,0,0,0,0,0,0,0,0,0,0,0
남아메리카주,멕시코,남성,4944,64,40,2,6,3,1,4,6,11,1,0,4,1,1,4,2,0,0,0,0,0,0,0,0,0,0,0,0
남아메리카주,멕시코,여성,3380,45,24,0,0,0,4,6,0,0,5,0,0,0,0,0,1,0,0,0,0,0,0,0,0,0,0,0,0
남아메리카주,브라질,남성,4495,187,79,3,0,1,0,3,0,0,6,0,0,0,0,0,1,0,0,0,0,1,0,0,1,0,0,0,0
남아메리카주,브라질,여성,3241,80,51,0,0,0,0,1,0,0,13,0,0,0,0,0,0,0,0,0,0,0,0,0,0,0,0,0,0
남아메리카주,콜롬비아,남성,1422,16,13,1,0,0,0,3,0,0,0,0,0,0,0,1,0,0,0,0,0,0,0,0,0,0,0,0,0
남아메리카주,콜롬비아,여성,1201,14,7,0,0,0,0,3,0,0,1,0,0,0,0,0,1,0,0,0,0,0,0,0,0,0,0,0,0
남아메리카주,칠레,남성,1015,11,37,46,0,0,0,0,0,1,0,0,0,0,0,0,0,0,0,0,0,0,0,0,0,0,0,0,0
남아메리카주,칠레,여성,756,12,12,0,0,0,0,0,0,0,1,0,0,0,0,0,0,0,0,0,0,0,0,0,0,0,0,0,0
남아메리카주,아르헨티나,남성,926,13,22,0,0,0,0,1,0,0,1,0,0,0,0,0,0,0,0,0,0,0,0,0,0,0,0,0,0
남아메리카주,아르헨티나,여성,638,7,3,1,0,0,0,0,0,0,2,0,0,0,0,0,0,0,0,0,0,0,0,0,0,0,0,0,0
남아메리카주,페루,남성,652,7,4,3,2,5,0,0,4,5,5,5,0,0,0,0,0,6,0,0,0,0,0,0,0,0,0,0,0
남아메리카주,페루,여성,684,12,3,0,0,0,0,0,0,0,1,0,0,0,0,0,0,0,0,0,0,0,0,0,0,0,0,0,0
남아메리카주,에콰도르,남성,414,11,1,0,0,0,0,0,0,0,0,0,0,0,0,0,0,0,0,0,0,0,0,0,0,0,0,0,0
남아메리카주,에콰도르,여성,418,1,1,0,0,0,0,0,0,0,1,0,0,0,0,0,0,0,0,0,0,0,0,0,0,0,0,0,0
남아메리카주,베네수엘라,남성,390,5,9,2,2,13,0,1,0,0,0,0,0,0,0,0,0,1,0,0,0,0,0,0,1,0,0,0,0
남아메리카주,베네수엘라,여성,233,4,3,0,0,0,0,0,0,0,1,0,0,0,0,0,0,0,0,0,0,0,0,0,0,0,0,0,0
남아메리카주,코스타리카,남성,344,7,3,0,0,0,0,0,0,0,0,0,0,0,1,0,0,0,0,0,0,0,0,0,0,0,0,0,0
남아메리카주,코스타리카,여성,243,8,1,0,0,0,1,1,0,0,0,0,0,0,1,0,0,0,0,0,0,0,0,0,0,0,0,0,0
남아메리카주,파라과이,남성,252,1,0,0,0,0,0,0,0,0,0,0,0,1,0,1,0,0,0,0,0,0,0,0,0,0,0,0,0
남아메리카주,파라과이,여성,176,1,0,0,0,0,0,0,0,0,1,0,0,0,0,0,0,0,0,0,0,0,0,0,0,0,0,0,0
남아메리카주,파나마,남성,206,3,2,13,0,9,0,1,0,0,0,0,0,0,0,7,0,3,0,0,0,0,0,0,1,0,0,0,0
남아메리카주,파나마,여성,147,2,0,0,0,1,0,0,0,0,0,0,0,0,0,0,0,0,0,0,0,0,0,0,0,0,0,0,0
남아메리카주,도미니카공화국,남성,218,5,1,0,0,0,0,1,0,0,0,0,0,0,0,0,0,0,0,0,0,0,0,0,0,0,0,0,0
남아메리카주,도미니카공화국,여성,150,0,0,0,0,0,0,0,0,0,0,0,0,0,0,0,0,0,0,0,0,0,0,0,0,0,0,0,0
남아메리카주,과테말라,남성,209,0,2,1,0,0,0,0,0,0,0,0,0,0,0,2,0,0,0,0,0,0,0,0,0,0,0,0,0
남아메리카주,과테말라,여성,149,0,1,0,0,0,0,0,0,0,0,0,0,0,0,0,0,0,0,0,0,0,0,0,0,0,0,0,0
남아메리카주,엘살바도르,남성,196,8,0,1,0,1,0,0,0,0,0,3,0,0,0,0,0,0,0,0,0,0,6,10,0,0,0,0,0
남아메리카주,엘살바도르,여성,124,0,0,0,0,0,0,0,0,0,1,0,0,0,0,0,0,0,0,0,0,0,0,0,0,0,0,0,0
남아메리카주,자메이카,남성,180,3,2,6,6,2,0,0,0,0,2,0,1,0,0,0,0,0,0,0,0,0,0,0,0,0,0,0,0
남아메리카주,자메이카,여성,110,1,0,0,0,1,0,0,0,0,1,0,0,0,0,0,0,0,0,0,0,0,0,0,0,0,0,0,0
남아메리카주,온두라스,남성,155,0,1,1,1,2,1,0,2,0,1,0,0,0,0,0,0,16,1,0,0,0,0,0,0,0,0,0,0
남아메리카주,온두라스,여성,100,0,2,0,0,0,0,0,0,0,1,0,0,0,0,0,0,0,0,0,0,0,0,0,0,0,0,0,0
남아메리카주,볼리비아,남성,153,3,1,0,0,0,0,0,0,0,0,0,0,0,0,0,0,0,0,0,0,0,0,0,0,0,0,0,0
남아메리카주,볼리비아,여성,85,0,0,0,0,0,0,0,0,0,0,0,0,0,0,0,0,0,0,0,0,0,0,0,0,0,0,0,0
남아메리카주,세인트크리스토퍼네비스,남성,117,1,8,0,0,1,0,1,0,0,0,0,0,0,0,0,0,0,0,0,0,0,0,0,0,0,0,0,0
남아메리카주,세인트크리스토퍼네비스,여성,59,0,4,0,0,0,0,1,0,0,0,0,0,0,0,0,0,0,0,0,0,0,0,0,0,0,0,0,0
남아메리카주,우루과이,남성,94,2,2,1,0,0,0,0,0,0,0,0,0,0,0,0,0,0,0,0,0,0,0,0,0,0,0,0,0
남아메리카주,우루과이,여성,70,0,0,0,0,0,0,0,0,0,0,0,0,0,0,0,0,0,0,0,0,0,0,0,0,0,0,0,0
남아메리카주,도미니카연방,남성,110,1,2,0,0,0,0,1,0,1,0,0,0,0,0,0,0,0,0,0,0,0,0,0,0,0,0,0,0
남아메리카주,도미니카연방,여성,33,0,1,0,0,0,0,0,0,0,0,0,0,0,0,0,0,0,0,0,0,0,0,0,0,0,0,0,0
남아메리카주,트리니다드토바고,남성,80,0,1,0,1,0,0,1,0,0,2,0,0,0,0,0,0,0,0,0,0,0,0,0,0,0,0,0,0
남아메리카주,트리니다드토바고,여성,60,1,0,0,0,0,0,0,0,0,0,0,0,0,0,0,0,0,0,0,0,0,0,0,0,0,0,0,0
남아메리카주,쿠바,남성,59,3,0,0,0,0,0,0,0,0,0,0,0,0,0,0,0,0,0,0,0,0,0,0,0,0,0,0,0
남아메리카주,쿠바,여성,27,0,0,0,0,0,0,0,0,0,0,0,0,0,0,0,0,0,0,0,0,0,0,0,0,0,0,0,0
남아메리카주,니카라과,남성,47,0,2,0,0,1,0,0,0,0,0,0,0,0,0,0,0,0,0,0,0,0,0,0,0,0,0,0,0
남아메리카주,니카라과,여성,37,0,0,0,0,0,0,0,0,0,0,0,0,0,0,0,0,0,0,0,0,0,0,0,0,0,0,0,0
남아메리카주,바베이도스,남성,36,0,0,0,0,0,0,0,0,0,0,0,0,0,0,0,0,0,0,0,0,0,0,0,0,0,0,0,0
남아메리카주,바베이도스,여성,21,0,0,0,0,0,0,0,0,0,0,0,0,0,0,0,0,0,0,0,0,0,0,0,0,0,0,0,0
남아메리카주,앤티카바부다,남성,26,2,2,0,0,0,0,0,0,0,0,0,0,0,0,0,0,0,0,0,0,0,0,0,0,0,0,0,0
남아메리카주,앤티카바부다,여성,20,1,0,0,0,0,0,0,0,0,0,0,0,0,0,0,0,0,0,0,0,0,0,0,0,0,0,0,0
남아메리카주,아이티,남성,21,0,0,0,0,0,0,0,0,0,0,0,0,0,0,0,0,0,0,0,0,0,0,0,0,0,0,0,0
남아메리카주,아이티,여성,26,0,0,0,0,0,0,0,0,0,0,0,0,0,0,0,0,0,0,0,0,0,0,0,0,0,0,0,0
남아메리카주,그레나다,남성,26,1,0,0,0,0,0,1,0,0,0,0,0,0,0,0,0,0,0,0,0,0,0,0,0,0,0,0,0
남아메리카주,그레나다,여성,18,0,1,0,0,0,0,0,0,0,0,0,0,0,0,0,0,0,0,0,0,0,0,0,0,0,0,0,0
남아메리카주,바하마,남성,24,0,1,0,0,0,0,0,0,0,2,0,0,0,0,0,0,0,0,0,0,0,0,0,0,0,0,0,0
남아메리카주,바하마,여성,16,0,0,0,0,0,0,0,0,0,0,0,0,0,0,0,0,0,0,0,0,0,0,0,0,0,0,0,0
남아메리카주,벨리즈,남성,23,0,0,0,0,0,0,0,0,0,0,0,0,0,0,0,0,0,0,0,0,0,0,0,0,0,0,0,0
남아메리카주,벨리즈,여성,18,0,0,0,0,0,0,0,0,0,0,0,0,0,0,0,0,0,0,0,0,0,0,0,0,0,0,0,0
남아메리카주,세인트루시아,남성,20,0,0,0,0,0,0,0,0,0,0,0,0,0,0,0,0,0,0,0,0,0,0,0,0,0,0,0,0
남아메리카주,세인트루시아,여성,12,0,0,0,0,0,0,0,0,0,0,0,0,0,0,0,0,0,0,0,0,0,0,0,0,0,0,0,0
남아메리카주,가이아나,남성,14,0,0,0,0,0,0,0,0,0,0,0,0,0,0,0,0,0,0,0,0,0,0,0,0,0,0,0,0
남아메리카주,가이아나,여성,16,0,0,0,0,0,0,0,0,0,0,0,0,0,0,0,0,0,0,0,0,0,0,0,0,0,0,0,0
남아메리카주,세인트빈센트그레나딘,남성,19,1,0,0,0,0,0,0,0,0,0,0,0,0,0,0,0,0,0,0,0,0,0,0,0,0,0,0,0
남아메리카주,세인트빈센트그레나딘,여성,3,0,0,0,0,0,0,0,0,0,0,0,0,0,0,0,0,0,0,0,0,0,0,0,0,0,0,0,0
남아메리카주,수리남,남성,8,0,0,0,0,0,0,0,0,0,0,0,0,0,0,0,0,0,0,0,0,0,0,0,0,0,0,0,0
남아메리카주,수리남,여성,5,0,0,0,0,0,0,0,0,0,0,0,0,0,0,0,0,0,0,0,0,0,0,0,0,0,0,0,0
유럽주,독일,남성,44629,447,609,165,31,49,4,32,11,2,3,4,6,1,0,26,2,5,4,0,1,1,0,13,14,0,0,0,0
유럽주,독일,여성,18263,237,159,6,0,0,7,20,0,0,5,0,0,0,1,0,0,0,0,0,0,0,0,1,0,0,0,0,0
유럽주,프랑스,남성,36885,386,719,95,13,33,22,52,5,24,2,1,5,2,1,1,8,0,0,0,0,3,3,34,9,0,3,0,0
유럽주,프랑스,여성,22732,226,211,5,3,1,8,29,0,1,0,0,0,0,1,0,0,0,0,0,0,0,0,4,2,0,0,0,0
유럽주,러시아 (연방),남성,17085,568,52,4877,989,981,1,11,395,735,0,6772,380,1,0,668,2483,129,224,32,38,224,152,273,0,0,2,28,106
유럽주,러시아 (연방),여성,15190,465,65,19,5,2,2,12,0,3,0,9,2,0,0,0,1802,0,1,0,4,7,0,0,0,0,0,1,2
유럽주,영국,남성,27680,533,596,251,38,69,18,67,12,31,8,32,18,0,1,17,82,13,2,0,0,12,19,0,3,0,11,0,0
유럽주,영국,여성,15251,236,178,7,0,2,2,41,0,0,8,0,0,0,2,0,0,1,0,0,0,0,0,0,0,0,0,0,0
유럽주,네덜란드,남성,18974,179,137,72,62,28,3,16,2,1,2,2,17,0,0,21,52,8,8,2,0,4,1,26,1,0,0,0,0
유럽주,네덜란드,여성,5623,64,38,2,1,0,1,7,0,0,1,0,0,0,0,2,0,0,0,0,0,0,0,0,0,0,0,0,0
유럽주,이탈리아,남성,11795,143,275,67,48,31,0,11,53,15,6,1,9,0,1,15,4,2,4,0,0,0,4,8,2,0,0,0,0
유럽주,이탈리아,여성,5300,43,58,0,0,0,2,8,0,0,3,0,0,0,1,0,0,0,0,0,0,0,0,0,0,0,0,0,0
유럽주,스페인,남성,8199,99,173,19,9,51,3,14,0,25,2,1,23,0,0,0,0,8,1,0,0,0,0,6,2,0,0,0,0
유럽주,스페인,여성,5551,42,44,1,0,0,1,8,0,0,3,2,1,0,0,0,0,1,0,0,0,0,0,0,0,0,0,0,0
유럽주,우크라이나,남성,3105,42,9,3339,736,1240,1,1,708,523,0,192,261,0,0,371,136,55,146,86,62,52,19,57,1,0,2,32,1
유럽주,우크라이나,여성,1228,7,8,0,1,3,0,1,1,1,0,0,0,0,0,0,2,0,1,0,0,0,0,0,0,0,0,0,0
유럽주,폴란드,남성,6966,73,48,489,77,285,0,3,57,92,0,18,44,0,0,71,15,31,19,6,8,23,33,10,2,0,2,1,0
유럽주,폴란드,여성,3190,30,20,1,0,3,1,0,0,0,3,0,0,0,0,2,0,0,0,0,0,0,0,0,0,0,0,0,0
유럽주,스위스,남성,4652,73,148,3,0,0,4,0,0,0,0,0,1,0,0,0,0,0,0,0,0,0,0,0,0,0,0,0,0
유럽주,스위스,여성,3107,30,33,1,0,0,2,8,0,0,0,0,0,0,0,0,0,0,0,0,0,0,0,0,0,0,0,0,0
유럽주,벨기에,남성,4946,43,61,1,5,3,1,3,0,1,0,0,1,0,1,0,40,1,0,0,0,14,0,0,4,0,0,0,0
유럽주,벨기에,여성,2618,17,14,1,0,0,0,0,0,0,0,0,0,0,0,0,0,0,0,0,0,0,0,0,0,0,0,0,0
유럽주,스웨덴,남성,4378,57,94,7,38,27,2,11,2,29,0,0,9,0,0,36,0,0,1,0,0,2,0,3,0,0,0,0,0
유럽주,스웨덴,여성,2726,21,16,2,1,3,1,2,0,0,0,0,2,0,0,0,0,0,0,0,0,0,0,0,0,0,0,0,0
유럽주,오스트리아,남성,4490,37,70,2,0,0,0,7,0,0,0,0,0,0,0,1,0,0,0,0,0,0,0,0,1,0,0,0,0
유럽주,오스트리아,여성,1926,23,7,0,0,0,0,3,0,0,0,0,0,0,0,0,0,0,0,0,0,0,0,0,0,0,0,0,0
유럽주,덴마크,남성,3638,88,88,171,8,12,0,5,24,0,0,0,0,0,0,0,28,5,0,0,0,0,0,0,1,0,1,0,0
유럽주,덴마크,여성,2093,29,21,2,0,0,2,7,1,0,0,0,0,0,0,0,0,0,0,0,0,0,0,0,0,0,0,0,0
유럽주,루마니아,남성,2432,53,13,981,137,426,1,0,104,142,0,10,68,0,0,29,22,27,27,17,11,55,19,58,9,0,0,10,0
유럽주,루마니아,여성,1215,43,13,3,0,0,0,0,0,0,0,0,0,0,0,0,0,0,0,0,0,0,0,0,4,0,0,0,0
유럽주,그리스,남성,2693,52,20,394,245,596,0,1,111,188,0,5,170,0,0,14,46,58,50,41,32,62,50,71,8,0,0,1,0
유럽주,그리스,여성,654,14,2,10,3,6,0,1,0,5,0,0,2,0,0,3,0,0,0,0,0,1,0,4,0,0,0,0,0
유럽주,핀란드,남성,3855,34,42,20,1,2,0,3,0,1,1,0,2,0,0,1,0,0,0,0,0,0,0,0,0,0,0,0,0
유럽주,핀란드,여성,1491,32,28,2,0,0,0,0,0,0,0,0,0,0,0,0,0,0,0,0,0,0,0,0,0,0,0,0,0
유럽주,노르웨이,남성,2657,94,22,2,39,20,0,1,0,0,0,2,7,0,0,2,1,1,1,0,0,18,0,2,0,0,1,0,0
유럽주,노르웨이,여성,1680,28,10,0,1,1,0,1,0,0,0,0,0,0,0,0,0,0,0,0,0,0,0,0,0,0,0,0,0
유럽주,아일랜드,남성,2651,55,54,2,0,30,1,4,1,2,0,1,3,0,1,0,1,4,0,0,0,1,1,0,0,0,1,0,0
유럽주,아일랜드,여성,1247,18,11,0,0,2,0,4,0,0,1,0,0,0,1,0,0,0,0,0,0,0,0,0,0,0,0,0,0
유럽주,포르투갈,남성,2466,39,27,6,3,4,0,4,10,1,0,1,10,0,0,1,16,0,0,0,0,0,0,1,2,0,0,0,0
유럽주,포르투갈,여성,1148,20,10,0,0,0,0,2,0,1,0,0,0,0,0,0,0,0,0,0,0,0,0,0,0,0,0,0,0
유럽주,헝가리,남성,2311,10,13,4,0,3,1,0,0,16,0,0,0,0,0,0,2,0,0,0,0,4,0,0,1,0,0,0,0
유럽주,헝가리,여성,989,8,6,0,0,0,0,0,0,0,0,0,0,0,0,0,0,0,0,0,0,0,0,0,0,0,0,0,0
유럽주,불가리아,남성,793,8,11,270,408,119,0,0,456,157,0,7,357,0,0,63,10,8,11,13,18,22,1,17,2,0,0,2,0
유럽주,불가리아,여성,465,3,3,0,0,0,0,0,0,0,1,0,0,0,0,0,0,0,0,0,0,0,0,0,0,0,0,0,0
유럽주,체코,남성,2067,32,9,8,0,5,0,4,1,0,0,0,0,0,0,0,1,0,0,1,0,0,0,0,0,0,0,0,0
유럽주,체코,여성,976,8,2,0,0,0,1,1,0,0,0,0,0,0,0,0,0,0,0,0,0,0,0,0,0,0,0,0,0
유럽주,크로아티아,남성,1040,18,4,220,100,302,0,0,48,110,0,0,67,0,0,4,104,32,18,10,0,56,50,9,0,0,0,0,0
유럽주,크로아티아,여성,284,2,4,1,0,0,1,0,0,0,0,0,0,0,0,0,0,0,0,0,0,0,0,0,0,0,0,0,0
유럽주,리투아니아,남성,722,14,6,89,23,33,0,1,3,7,0,4,4,0,0,9,10,1,5,0,0,3,5,0,0,0,0,0,0
유럽주,리투아니아,여성,585,24,6,2,0,0,0,0,0,0,0,0,0,0,0,0,0,0,0,0,0,0,0,0,0,0,0,0,0
유럽주,영국보호민,남성,579,4,23,0,0,0,1,8,0,0,0,0,0,0,0,0,0,0,0,0,0,0,0,0,0,0,0,0,0
유럽주,영국보호민,여성,896,7,14,0,0,0,1,7,0,0,0,0,0,0,0,0,0,0,0,0,0,0,0,0,0,0,0,0,0
유럽주,아제르바이잔,남성,1110,1,3,80,8,1,0,0,0,13,0,0,2,0,0,4,2,0,0,1,2,0,0,0,0,0,0,0,0
유럽주,아제르바이잔,여성,261,0,1,0,0,0,0,0,0,0,0,0,0,0,0,0,0,0,0,0,0,0,0,0,0,0,0,0,0
유럽주,라트비아,남성,497,11,18,87,145,164,0,0,34,40,0,13,29,0,0,37,10,19,4,0,0,9,12,2,1,0,0,0,0
유럽주,라트비아,여성,288,8,1,0,0,2,0,0,0,0,0,0,0,0,0,0,0,0,0,0,0,0,0,0,0,0,0,0,0
유럽주,슬로바크,남성,858,5,9,4,0,0,0,0,0,0,0,0,0,0,0,0,1,0,0,0,0,0,0,0,1,0,0,0,0
유럽주,슬로바크,여성,508,5,2,0,0,0,1,0,0,0,0,0,0,0,0,0,0,0,0,0,0,0,0,0,1,0,0,0,0
유럽주,세르비아,남성,679,12,5,61,0,2,0,0,2,2,0,0,0,0,0,0,0,0,1,0,0,1,1,0,1,0,0,0,0
유럽주,세르비아,여성,278,2,2,0,0,0,0,0,0,0,0,0,0,0,0,0,0,0,0,0,0,0,0,0,0,0,0,0,0
유럽주,조지아,남성,309,1,0,126,80,161,0,0,37,25,0,4,10,0,0,2,2,13,11,1,1,20,0,14,0,0,0,1,0
유럽주,조지아,여성,198,0,2,0,0,0,0,1,0,0,1,0,0,0,0,0,0,0,0,0,0,0,0,0,0,0,0,0,0
유럽주,에스토니아,남성,407,7,6,26,7,8,0,1,11,0,0,0,4,0,0,5,2,0,2,1,0,1,1,0,0,0,0,0,0
유럽주,에스토니아,여성,370,7,1,0,0,0,0,0,0,0,0,0,0,0,0,0,0,0,0,0,0,0,0,0,1,0,0,0,0
유럽주,몬테네그로,남성,215,11,0,352,29,96,0,0,15,13,0,5,4,0,0,1,1,5,0,9,1,9,2,0,0,0,0,0,0
유럽주,몬테네그로,여성,27,0,0,0,0,0,0,0,0,0,0,0,0,0,0,0,0,0,0,0,0,0,0,0,0,0,0,0,0
유럽주,벨로루시,남성,303,3,2,11,7,8,0,1,0,2,0,1,0,0,0,4,0,0,1,0,0,2,1,0,0,0,0,0,0
유럽주,벨로루시,여성,362,3,1,0,0,0,0,1,0,0,0,0,0,0,0,0,0,0,0,0,0,0,0,0,0,0,0,0,0
유럽주,슬로베니아,남성,426,7,14,5,2,1,0,0,1,0,0,0,1,0,0,0,0,0,0,0,0,1,0,0,0,0,0,0,0
유럽주,슬로베니아,여성,210,3,0,0,0,0,0,0,0,0,0,0,0,0,0,0,0,0,0,0,0,0,0,0,0,0,0,0,0
유럽주,룩셈부르크,남성,339,0,8,2,0,0,0,0,0,0,0,0,0,0,0,0,0,0,0,0,0,0,0,0,0,0,0,0,0
유럽주,룩셈부르크,여성,192,0,2,0,0,0,0,0,0,0,0,0,0,0,0,0,0,0,0,0,0,0,0,0,0,0,0,0,0
유럽주,아이슬란드,남성,363,7,2,0,0,0,0,0,0,0,0,0,0,0,0,0,0,0,0,0,0,0,0,0,0,0,0,0,0
유럽주,아이슬란드,여성,103,0,1,0,0,0,0,0,0,0,0,0,0,0,0,0,0,0,0,0,0,0,0,0,0,0,0,0,0
유럽주,알바니아,남성,112,0,2,0,0,7,0,0,0,0,0,0,0,0,0,0,0,0,0,0,0,0,0,0,7,0,0,0,0
유럽주,알바니아,여성,93,0,0,0,0,0,0,0,0,0,0,0,0,0,0,0,0,0,0,0,0,0,0,0,0,0,0,0,0
유럽주,유고슬라비아,남성,96,1,0,0,0,0,0,0,0,0,0,0,0,0,0,0,0,0,0,0,0,0,0,0,0,0,0,0,0
유럽주,유고슬라비아,여성,72,0,0,0,0,0,0,0,0,0,0,0,0,0,0,0,0,0,0,0,0,0,0,0,0,0,0,0,0
유럽주,몰타,남성,98,3,1,0,0,0,0,1,0,0,0,0,0,0,0,0,0,0,0,0,0,0,0,0,0,0,0,0,0
유럽주,몰타,여성,43,1,1,0,0,0,0,0,0,0,0,0,0,0,0,0,0,0,0,0,0,0,0,0,0,0,0,0,0
유럽주,몰도바,남성,91,0,0,1,0,1,0,0,0,0,0,2,1,0,0,0,0,0,0,0,0,0,0,0,0,0,0,0,0
유럽주,몰도바,여성,48,0,0,0,0,0,0,0,0,0,0,0,0,0,0,0,0,0,0,0,0,0,0,0,0,0,0,0,0
유럽주,아르메니아,남성,68,0,0,0,0,0,0,0,0,0,0,0,0,0,0,0,0,0,0,0,0,0,0,0,0,0,0,0,0
유럽주,아르메니아,여성,60,0,0,0,0,0,0,0,0,0,0,0,0,0,0,0,0,0,0,0,0,0,0,0,0,0,0,0,0
유럽주,보스니아-헤르체고비나,남성,90,0,1,4,1,0,0,0,0,0,0,0,0,0,0,0,0,0,0,0,0,0,0,0,1,0,0,0,0
유럽주,코소보,남성,26,0,0,0,0,0,0,0,0,0,0,0,0,0,0,0,0,0,0,0,0,0,0,0,0,0,0,0,0
유럽주,코소보,여성,10,0,0,0,0,0,0,0,0,0,0,0,0,0,0,0,0,0,0,0,0,0,0,0,0,0,0,0,0
유럽주,영국해외영토시민,남성,34,0,0,0,0,0,0,0,0,0,0,0,0,0,0,0,0,0,0,0,0,0,0,0,0,0,0,0,0
유럽주,북마케도니아,남성,28,0,1,0,0,0,0,0,0,0,0,0,0,0,0,0,0,0,0,0,0,0,0,0,1,0,0,0,0
유럽주,영국외지민,남성,23,4,2,0,0,0,0,0,0,0,0,0,0,0,0,0,0,0,0,0,0,0,0,0,0,0,0,0,0
유럽주,리히텐슈타인,남성,15,0,1,0,0,0,0,0,0,0,0,0,0,0,0,0,0,0,0,0,0,0,0,0,0,0,0,0,0
유럽주,리히텐슈타인,여성,7,0,0,0,0,0,0,0,0,0,0,0,0,0,0,0,0,0,0,0,0,0,0,0,0,0,0,0,0
유럽주,안도라,남성,13,0,0,0,0,0,0,0,0,0,0,0,0,0,0,0,0,0,0,0,0,0,0,0,0,0,0,0,0
유럽주,안도라,여성,6,0,0,0,0,0,0,0,0,0,0,0,0,0,0,0,0,0,0,0,0,0,0,0,0,0,0,0,0
유럽주,모나코,남성,10,0,0,0,0,0,0,0,0,0,0,0,0,0,0,0,0,0,0,0,0,0,0,0,0,0,0,0,0
유럽주,모나코,여성,6,0,0,0,0,0,0,0,0,0,0,0,0,0,0,0,0,0,0,0,0,0,0,0,0,0,0,0,0
유럽주,교황청,남성,9,0,0,0,0,0,0,0,0,0,0,0,0,0,0,0,0,0,0,0,0,0,0,0,0,0,0,0,0
유럽주,교황청,여성,1,0,0,0,0,0,0,0,0,0,0,0,0,0,0,0,0,0,0,0,0,0,0,0,0,0,0,0,0
유럽주,산마리노,남성,5,0,0,0,0,0,0,1,0,0,0,0,0,0,0,0,0,0,0,0,0,0,0,0,0,0,0,0,0
유럽주,산마리노,여성,1,0,0,0,0,0,0,0,0,0,0,0,0,0,0,0,0,0,0,0,0,0,0,0,0,0,0,0,0
오세아니아주,오스트레일리아,남성,29614,610,654,413,3,2,9,137,0,2,33,2,0,1,2,0,6,0,0,0,0,0,0,0,1,0,1,0,0
오세아니아주,오스트레일리아,여성,24337,416,374,6,0,3,4,111,0,0,2,0,0,1,2,0,2,0,0,0,0,0,0,0,0,0,0,0,0
오세아니아주,오스트레일리아,제3의성,1,0,0,0,0,0,0,0,0,0,0,0,0,0,0,0,0,0,0,0,0,0,0,0,0,0,0,0,0
오세아니아주,뉴질랜드,남성,8062,135,93,182,0,1,3,10,0,0,2,0,0,1,16,0,1,0,0,1,17,0,0,0,1,0,1,0,0
오세아니아주,뉴질랜드,여성,5259,69,62,1,0,0,3,11,0,0,0,0,0,0,3,0,1,0,0,0,1,0,0,0,0,0,0,0,0
오세아니아주,뉴질랜드,제3의성,1,0,0,0,0,0,0,0,0,0,0,0,0,0,0,0,0,0,0,0,0,0,0,0,0,0,0,0,0
오세아니아주,피지,남성,193,2,2,5,0,0,0,0,0,0,0,0,0,0,0,0,0,0,0,0,0,1,0,0,0,0,0,0,0
오세아니아주,피지,여성,88,1,0,0,0,0,0,0,0,0,0,0,0,0,0,0,0,0,0,0,0,0,0,0,0,0,0,0,0
오세아니아주,키리바시,남성,20,3,0,2,0,3,0,0,0,0,0,30,0,0,0,1,0,0,0,0,0,0,10,14,0,0,0,0,0
오세아니아주,키리바시,여성,18,0,0,0,0,0,0,0,0,0,0,0,0,0,0,0,0,0,0,0,0,0,0,0,0,0,0,0,0
오세아니아주,파푸아뉴기니,남성,53,0,0,6,0,0,0,0,0,0,0,2,0,0,0,0,0,0,0,0,0,0,0,0,0,0,0,0,0
오세아니아주,파푸아뉴기니,여성,38,0,0,0,0,0,0,0,0,0,0,0,0,0,0,0,0,0,0,0,0,0,0,0,0,0,0,0,0
오세아니아주,바누아투,남성,39,4,2,0,0,0,0,12,0,0,0,8,0,0,0,0,0,0,0,0,0,0,0,0,0,0,0,0,0
오세아니아주,바누아투,여성,7,0,0,0,0,0,0,1,0,0,0,0,0,0,0,0,0,0,0,0,0,0,0,0,0,0,0,0,0
오세아니아주,사모아,남성,17,0,2,25,0,0,0,0,0,0,0,0,0,0,0,0,0,0,0,0,0,0,0,0,0,0,0,0,0
오세아니아주,사모아,여성,14,0,0,0,0,0,0,0,0,0,0,0,0,0,0,0,0,0,0,0,0,0,0,0,0,0,0,0,0
오세아니아주,마샬군도,남성,26,1,5,0,0,0,0,0,0,0,0,0,0,0,0,0,0,0,0,0,0,0,0,0,0,0,0,0,0
오세아니아주,마샬군도,여성,24,0,0,0,0,0,0,0,0,0,2,0,0,0,0,0,0,0,0,0,0,0,0,0,0,0,0,0,0
오세아니아주,통가,남성,17,0,0,9,0,0,0,0,0,0,0,0,0,0,0,15,3,0,0,0,0,0,0,0,0,0,0,0,0
오세아니아주,통가,여성,11,0,0,0,0,0,0,0,0,0,0,0,0,0,0,0,0,0,0,0,0,0,0,0,0,0,0,0,0
오세아니아주,팔라우,남성,19,1,0,0,0,0,0,0,0,0,0,0,0,0,0,0,0,0,0,0,0,0,0,0,0,0,0,0,0
오세아니아주,팔라우,여성,31,0,0,0,0,0,0,0,0,0,0,0,0,0,0,0,0,0,0,0,0,0,0,0,0,0,0,0,0
오세아니아주,솔로몬군도,남성,22,0,0,0,0,0,0,0,0,0,0,0,0,0,0,0,0,0,0,0,0,0,0,0,0,0,0,0,0
오세아니아주,솔로몬군도,여성,12,0,0,0,0,0,0,0,0,0,0,0,0,0,0,0,0,0,0,0,0,0,0,0,0,0,0,0,0
오세아니아주,미이크로네시아,남성,16,0,0,0,0,0,0,0,0,0,0,0,0,0,0,0,0,0,0,0,0,0,0,0,0,0,0,0,0
오세아니아주,미이크로네시아,여성,14,0,0,0,0,0,0,0,0,0,0,0,0,0,0,0,0,0,0,0,0,0,0,0,0,0,0,0,0
오세아니아주,나우루,남성,22,0,0,0,0,0,0,0,0,0,0,0,0,0,0,0,0,0,0,0,0,0,0,0,0,0,0,0,0
오세아니아주,나우루,여성,8,0,0,0,0,0,0,0,0,0,0,0,0,0,0,0,0,0,0,0,0,0,0,0,0,0,0,0,0
오세아니아주,투발루,남성,11,2,0,2,0,0,0,0,0,0,0,3,0,0,0,1,0,0,0,0,0,0,1,0,0,0,0,0,0
오세아니아주,투발루,여성,5,0,0,0,0,0,0,0,0,0,0,0,0,0,0,0,0,0,0,0,0,0,0,0,0,0,0,0,0
아프리카주,남아프리카공화국,남성,2493,44,24,92,5,14,1,9,11,16,0,4,2,0,0,0,4,2,1,1,0,1,0,0,1,0,0,0,0
아프리카주,남아프리카공화국,여성,2118,47,6,1,0,2,0,8,0,0,1,0,0,0,0,0,0,0,0,0,0,0,1,0,0,0,0,0,0
아프리카주,에티오피아,남성,4553,1,0,39,5,15,0,1,7,8,2,0,2,0,0,1,7,0,1,2,2,0,0,2,0,0,0,0,0
아프리카주,에티오피아,여성,239,0,0,0,0,0,0,0,0,0,0,0,0,0,0,0,0,0,0,0,0,0,0,0,0,0,0,0,0
아프리카주,이집트,남성,3030,10,5,182,40,54,0,0,5,52,0,4,27,0,0,6,3,5,13,3,0,27,0,1,2,0,0,1,0
아프리카주,이집트,여성,506,0,0,0,0,0,0,0,0,0,0,0,0,0,0,0,0,0,0,0,0,0,0,0,0,0,0,0,0
아프리카주,모로코,남성,1525,4,4,20,0,0,0,0,0,0,0,0,0,0,0,0,0,0,0,0,0,0,0,0,1,0,0,0,0
아프리카주,모로코,여성,940,1,4,0,0,0,0,2,0,0,0,0,0,0,0,0,0,0,0,0,0,0,0,0,0,0,0,0,0
아프리카주,나이지리아,남성,1279,3,5,12,0,2,1,0,0,24,0,0,0,0,0,0,0,13,0,0,0,0,0,0,35,0,0,0,0
아프리카주,나이지리아,여성,388,0,0,0,0,0,0,0,0,0,0,0,0,0,0,0,0,0,0,0,0,0,0,0,0,0,0,0,0
아프리카주,케냐,남성,890,3,0,4,0,0,0,0,0,0,0,0,0,0,0,0,0,0,0,0,0,0,0,0,0,0,0,0,0
아프리카주,케냐,여성,372,3,0,0,0,0,0,0,0,0,0,0,0,0,0,0,0,0,0,0,0,0,0,0,0,0,0,0,0
아프리카주,리비아,남성,1061,6,1,2,0,0,0,0,0,0,0,0,0,0,0,0,0,0,0,0,0,0,0,0,0,0,0,0,0
아프리카주,리비아,여성,95,0,0,0,0,0,0,0,0,0,0,0,0,0,0,0,0,0,0,0,0,0,0,0,0,0,0,0,0
아프리카주,튀니지,남성,818,3,2,0,0,0,0,0,0,0,0,0,0,0,0,0,0,0,0,0,0,0,0,0,3,0,0,0,0
아프리카주,튀니지,여성,327,3,2,0,0,0,1,0,0,0,0,0,0,0,0,0,0,0,0,0,0,0,0,0,0,0,0,0,0
아프리카주,가나,남성,805,0,1,67,0,10,0,0,1,1,0,22,0,0,0,6,0,0,0,0,0,1,4,1,0,0,0,0,0
아프리카주,가나,여성,191,0,0,0,0,0,0,0,0,0,0,0,0,0,0,0,0,0,0,0,0,0,1,0,0,0,0,0,0
아프리카주,탄자니아,남성,421,1,0,186,0,0,0,0,4,1,0,0,4,0,0,0,0,0,0,0,0,0,0,0,0,0,0,0,0
아프리카주,탄자니아,여성,148,2,0,0,0,0,0,0,0,0,0,0,0,0,0,0,0,0,0,0,0,0,0,0,0,0,0,0,0
아프리카주,알제리,남성,536,2,0,0,0,8,0,0,0,2,0,0,1,0,0,0,2,1,0,0,0,0,0,0,0,0,0,0,0
아프리카주,알제리,여성,173,1,0,0,0,0,0,0,0,0,0,0,0,0,0,0,0,0,0,0,0,0,0,0,0,0,0,0,0
아프리카주,카메룬,남성,354,0,0,0,1,0,0,0,0,0,0,0,0,0,0,0,0,0,0,0,0,0,0,0,0,0,0,0,0
아프리카주,카메룬,여성,155,1,0,0,0,0,0,0,0,0,0,0,0,0,0,0,0,0,0,0,0,0,0,0,0,0,0,0,0
아프리카주,우간다,남성,318,0,1,0,0,0,0,0,0,0,0,0,0,0,0,0,0,0,0,0,0,0,0,0,0,0,0,0,0
아프리카주,우간다,여성,163,0,0,0,0,0,0,0,0,0,0,0,0,0,0,0,0,0,0,0,0,0,0,0,0,0,0,0,0
아프리카주,수단,남성,337,0,0,0,0,1,0,0,0,0,0,0,0,0,0,0,0,0,0,0,0,0,0,0,1,0,0,0,0
아프리카주,수단,여성,76,0,0,0,0,0,0,0,0,0,0,0,0,0,0,0,0,0,0,0,0,0,0,0,0,0,0,0,0
아프리카주,콩고민주공화국,남성,235,0,2,0,0,0,0,0,0,0,0,0,0,0,0,0,0,0,0,0,0,0,0,0,0,0,0,0,0
아프리카주,콩고민주공화국,여성,95,0,0,0,0,0,0,0,0,0,1,0,0,0,0,0,0,0,0,0,0,0,0,0,0,0,0,0,0
아프리카주,세네갈,남성,237,3,2,3,0,0,0,0,0,0,0,0,0,0,0,0,0,0,0,0,0,0,0,0,0,0,0,0,0
아프리카주,세네갈,여성,75,0,0,0,0,0,0,0,0,0,0,0,0,0,0,0,0,0,0,0,0,0,0,0,0,0,0,0,0
아프리카주,르완다,남성,185,0,0,0,0,0,0,0,0,0,0,0,0,0,0,0,0,0,0,0,0,0,0,0,0,0,0,0,0
아프리카주,르완다,여성,92,0,0,0,0,0,2,0,0,0,0,0,0,0,0,0,0,0,0,0,0,0,0,0,0,0,0,0,0
아프리카주,코트디부아르,남성,179,0,1,0,0,5,0,0,0,0,0,0,0,0,0,0,1,0,0,0,0,0,0,22,0,0,0,0,0
아프리카주,코트디부아르,여성,58,0,0,0,0,0,0,0,0,0,0,0,0,0,0,0,0,0,0,0,0,0,0,0,0,0,0,0,0
아프리카주,짐바브웨,남성,159,0,0,0,0,0,0,0,0,0,1,0,0,0,0,0,0,0,0,0,0,0,0,0,0,0,0,0,0
아프리카주,짐바브웨,여성,81,1,1,0,0,0,0,0,0,0,0,0,0,0,0,0,0,0,0,0,0,0,0,0,0,0,0,0,0
아프리카주,모리셔스,남성,132,5,2,0,0,0,0,1,0,0,0,4,0,0,0,0,0,0,0,0,0,0,0,0,0,0,0,0,0
아프리카주,모리셔스,여성,86,0,0,0,0,0,0,0,0,0,0,0,0,0,0,0,0,0,0,0,0,0,0,0,0,0,0,0,0
아프리카주,잠비아,남성,124,0,0,0,0,0,0,0,0,0,0,0,0,0,0,0,0,0,0,0,0,0,0,0,0,0,0,0,0
아프리카주,잠비아,여성,75,0,0,0,0,0,0,0,0,0,0,0,0,0,0,0,0,0,0,0,0,0,0,0,0,0,0,0,0
아프리카주,앙골라,남성,118,1,0,0,0,0,0,0,0,6,0,0,0,0,0,0,0,0,0,0,0,0,0,0,0,0,0,0,0
아프리카주,앙골라,여성,52,0,0,0,0,0,0,0,0,0,0,0,0,0,0,0,0,0,0,0,0,0,0,0,0,0,0,0,0
아프리카주,모잠비크,남성,111,2,0,0,0,0,0,0,0,0,0,0,0,0,0,0,0,0,0,0,0,0,0,0,0,0,0,0,0
아프리카주,모잠비크,여성,38,0,0,0,0,0,0,0,0,0,0,0,0,0,0,0,0,0,0,0,0,0,0,0,0,0,0,0,0
아프리카주,가봉,남성,71,0,0,0,0,0,0,0,0,0,0,0,0,0,0,0,0,0,0,0,0,0,0,0,15,0,0,0,0
아프리카주,가봉,여성,47,0,0,0,0,0,0,0,0,0,0,0,0,0,0,0,0,0,0,0,0,0,0,0,4,0,0,0,0
아프리카주,부룬디,남성,95,0,0,0,0,0,0,0,0,0,0,0,0,0,0,0,0,0,0,0,0,0,0,0,0,0,0,0,0
아프리카주,부룬디,여성,38,0,0,0,0,0,0,0,0,0,0,0,0,0,0,0,0,0,0,0,0,0,0,0,0,0,0,0,0
아프리카주,라이베리아,남성,97,0,0,0,1,0,0,0,0,0,0,0,0,0,0,0,0,0,0,0,0,0,0,0,0,0,0,0,0
아프리카주,라이베리아,여성,25,0,1,0,0,0,0,0,0,0,0,0,0,0,0,0,0,0,0,0,0,0,0,0,0,0,0,0,0
아프리카주,보츠와나,남성,66,0,0,0,0,0,0,0,0,0,0,0,0,0,0,0,0,0,0,0,0,0,0,0,0,0,0,0,0
아프리카주,보츠와나,여성,57,0,0,0,0,0,0,0,0,0,0,0,0,0,0,0,0,0,0,0,0,0,0,0,0,0,0,0,0
아프리카주,말라위,남성,75,1,0,0,0,0,0,0,0,0,0,0,0,0,0,0,0,0,0,0,0,0,0,0,0,0,0,0,0
아프리카주,말라위,여성,46,0,0,0,0,0,0,0,0,0,0,0,0,0,0,0,0,0,0,0,0,0,0,0,0,0,0,0,0
아프리카주,말리,남성,96,0,0,0,0,0,0,1,0,0,0,0,0,0,0,0,0,0,0,0,0,0,0,1,0,0,0,0,0
아프리카주,말리,여성,7,0,0,0,0,0,0,0,0,0,0,0,0,0,0,0,0,0,0,0,0,0,0,0,0,0,0,0,0
아프리카주,기니,남성,83,0,0,0,0,0,0,0,0,0,0,0,0,0,0,0,0,0,0,0,0,0,0,0,0,0,0,0,0
아프리카주,기니,여성,12,0,0,0,0,0,0,0,0,0,0,0,0,0,0,0,0,0,0,0,0,0,0,0,0,0,0,0,0
아프리카주,마다가스카르,남성,40,0,0,4,0,0,0,0,0,0,0,0,0,0,0,0,0,0,0,0,0,0,0,0,0,0,0,0,0
아프리카주,마다가스카르,여성,48,0,0,0,0,0,0,0,0,0,0,0,0,0,0,0,0,0,0,0,0,0,0,0,0,0,0,0,0
아프리카주,감비아,남성,71,0,0,0,0,0,0,0,0,0,0,0,0,0,0,0,0,0,0,0,0,0,0,0,0,0,0,0,0
아프리카주,감비아,여성,18,0,0,1,0,0,0,0,0,0,0,0,0,0,0,0,0,0,0,0,0,0,0,0,0,0,0,0,0
아프리카주,부르키나파소,남성,63,0,0,0,0,0,0,0,0,0,0,0,0,0,0,0,0,0,0,0,0,0,0,0,0,0,0,0,0
아프리카주,부르키나파소,여성,8,0,0,0,0,0,0,0,0,0,0,0,0,0,0,0,0,0,0,0,0,0,0,0,0,0,0,0,0
아프리카주,에스와티니,남성,34,0,0,0,0,0,0,0,0,0,0,0,0,0,0,0,0,0,0,0,0,0,0,0,0,0,0,0,0
아프리카주,에스와티니,여성,33,0,0,0,0,0,0,0,0,0,0,0,0,0,0,0,0,0,0,0,0,0,0,0,0,0,0,0,0
아프리카주,나미비아,남성,36,0,0,2,0,0,0,0,0,0,0,0,0,0,0,0,0,0,0,0,0,0,0,0,0,0,0,0,0
아프리카주,나미비아,여성,25,0,0,0,0,0,0,0,0,0,0,0,0,0,0,0,0,0,0,0,0,0,0,0,0,0,0,0,0
아프리카주,시에라리온,남성,45,0,0,0,0,0,0,0,0,0,0,0,0,0,0,0,0,0,0,0,0,0,0,0,0,0,0,0,0
아프리카주,시에라리온,여성,17,0,0,0,0,0,0,0,0,0,0,0,0,0,0,0,0,0,0,0,0,0,0,0,0,0,0,0,0
아프리카주,세이셸,남성,48,0,0,0,0,0,0,0,0,0,0,0,0,0,0,0,0,0,0,0,0,0,0,0,0,0,0,0,0
아프리카주,세이셸,여성,8,2,0,0,0,0,0,0,0,0,0,0,0,0,0,0,0,0,0,0,0,0,0,0,0,0,0,0,0
아프리카주,중앙아프리카공화국,남성,46,0,0,0,0,0,0,0,0,0,0,0,0,0,0,0,0,0,0,0,0,0,0,0,0,0,0,0,0
아프리카주,중앙아프리카공화국,여성,7,0,0,0,0,0,0,0,0,0,0,0,0,0,0,0,0,0,0,0,0,0,0,0,0,0,0,0,0
아프리카주,토고,남성,38,0,0,0,0,0,0,0,0,0,0,0,0,0,0,0,1,0,0,0,0,0,0,1,0,0,0,0,0
아프리카주,토고,여성,11,0,0,0,0,0,0,0,0,0,0,0,0,0,0,0,0,0,0,0,0,0,0,0,0,0,0,0,0
아프리카주,베냉,남성,39,0,0,0,0,0,0,0,0,0,0,0,0,0,0,0,0,0,0,0,0,0,0,0,0,0,0,0,0
아프리카주,베냉,여성,9,0,0,0,0,0,0,0,0,0,0,0,0,0,0,0,0,0,0,0,0,0,0,0,0,0,0,0,0
아프리카주,니제르,남성,38,0,0,0,0,0,0,0,0,0,0,0,0,0,0,0,0,0,0,0,0,0,0,1,0,0,0,0,0
아프리카주,니제르,여성,1,0,0,0,0,0,0,0,0,0,0,0,0,0,0,0,0,0,0,0,0,0,0,0,0,0,0,0,0
아프리카주,레소토,남성,18,0,0,0,0,0,0,0,0,0,0,0,0,0,0,0,0,0,0,0,0,0,0,0,0,0,0,0,0
아프리카주,레소토,여성,18,0,0,0,0,0,0,0,0,0,0,0,0,0,0,0,0,0,0,0,0,0,0,0,0,0,0,0,0
아프리카주,콩고,남성,26,0,0,0,0,0,0,0,0,0,0,0,0,0,0,0,0,0,0,0,0,0,0,0,0,0,0,0,0
아프리카주,콩고,여성,7,0,0,0,0,0,0,0,0,0,0,0,0,0,0,0,0,0,0,0,0,0,0,0,0,0,0,0,0
아프리카주,차드,남성,24,0,0,0,0,0,0,0,0,0,0,0,0,0,0,0,0,0,0,0,0,0,0,0,0,0,0,0,0
아프리카주,차드,여성,3,0,0,0,0,0,0,0,0,0,0,0,0,0,0,0,0,0,0,0,0,0,0,0,0,0,0,0,0
아프리카주,적도기니,남성,17,0,0,0,0,0,0,0,0,0,0,0,0,0,0,0,0,0,0,0,0,0,0,0,0,0,0,0,0
아프리카주,적도기니,여성,7,0,0,0,0,0,0,0,0,0,0,0,0,0,0,0,0,0,0,0,0,0,0,0,0,0,0,0,0
아프리카주,카보베르데,남성,17,0,0,0,0,0,0,0,0,0,0,0,0,0,0,1,0,0,0,0,0,0,0,2,0,0,0,0,0
아프리카주,카보베르데,여성,3,0,0,0,0,0,0,0,0,0,0,0,0,0,0,0,0,0,0,0,0,0,0,0,0,0,0,0,0
아프리카주,소말리아,남성,14,0,1,0,0,0,0,0,0,0,0,0,0,0,0,0,0,0,0,0,0,0,0,0,0,0,0,0,0
아프리카주,소말리아,여성,7,0,0,0,0,0,0,0,0,0,0,0,0,0,0,0,0,0,0,0,0,0,0,0,0,0,0,0,0
아프리카주,모리타니,남성,20,0,0,0,0,0,0,0,0,0,0,0,0,0,0,0,0,0,0,0,0,0,0,0,0,0,0,0,0
아프리카주,모리타니,여성,2,0,0,0,0,0,0,0,0,0,0,0,0,0,0,0,0,0,0,0,0,0,0,0,0,0,0,0,0
아프리카주,코모로,남성,15,0,0,0,0,0,0,0,0,0,0,0,0,0,0,0,0,0,0,0,0,0,0,0,0,0,0,0,0
아프리카주,코모로,여성,6,0,0,0,0,0,0,0,0,0,0,0,0,0,0,0,0,0,0,0,0,0,0,0,0,0,0,0,0
아프리카주,기니비사우,남성,14,0,0,0,0,0,0,0,0,0,0,0,0,0,0,0,0,0,0,0,0,0,0,0,0,0,0,0,0
아프리카주,기니비사우,여성,5,0,0,0,0,0,0,0,0,0,0,0,0,0,0,0,0,0,0,0,0,0,0,0,0,0,0,0,0
아프리카주,에리트레아,남성,8,0,0,0,0,0,0,0,0,0,0,0,0,0,0,0,0,0,0,0,0,0,0,0,0,0,0,0,0
아프리카주,에리트레아,여성,6,0,0,0,0,0,0,0,0,0,0,0,0,0,0,0,0,0,0,0,0,0,0,0,0,0,0,0,0
아프리카주,남수단공화국,남성,13,0,0,0,0,0,0,0,0,0,0,0,0,0,0,0,0,0,0,0,0,0,0,0,0,0,0,0,0
아프리카주,지부티,남성,7,0,1,0,0,0,0,0,0,0,0,0,0,0,0,0,0,0,0,0,0,0,0,0,0,0,0,0,0
아프리카주,지부티,여성,4,0,0,0,0,0,0,0,0,0,0,0,0,0,0,0,0,0,0,0,0,0,0,0,0,0,0,0,0
아프리카주,상투메프린시페,남성,7,0,0,0,0,0,0,0,0,0,0,0,0,0,0,0,0,0,0,0,0,0,0,0,0,0,0,0,0
아프리카주,상투메프린시페,여성,1,0,0,0,0,0,0,0,0,0,0,0,0,0,0,0,0,0,0,0,0,0,0,0,0,0,0,0,0
기타,기타,남성,554,11,5,49,15,21,0,0,11,18,0,2,1,0,0,1,1,4,0,0,0,1,3,0,0,0,0,0,0
기타,기타,여성,292,3,7,0,0,0,0,0,1,0,0,0,0,0,0,0,0,0,0,0,0,0,0,0,0,0,0,0,0
